{"cameraMode":{"drawMode":0,"name":"Shaded","section":"Shading Mode"},"sceneLighting":true,"audioPlay":false,"sceneViewState":{"m_AlwaysRefresh":false,"showFog":true,"showSkybox":true,"showFlares":true,"showImageEffects":true,"showParticleSystems":true,"showVisualEffectGraphs":true,"m_FxEnabled":true},"in2DMode":false,"pivot":{"x":2.5689711570739748,"y":-1.5878753662109376,"z":10.589431762695313},"rotation":{"x":-0.1354888677597046,"y":0.11327796429395676,"z":-0.015594969503581524,"w":-0.9841591119766235},"size":9.505376815795899,"orthographic":false}